{"energy_cost": 3.402116060256958, "energy": 41.02320861816406, "dT_max": 0.42226600646972656, "dTh": 0.42894792556762695}