{"energy_cost": 28.54266929626465, "energy": 364.79058837890625, "dT_max": 1.6515731811523438, "dTh": 11.269185066223145}