{"energy_cost": 1.7979474067687988, "energy": 22.56282615661621, "dT_max": 0.0, "dTh": 0.0}