{"energy_cost": 37.98526382446289, "energy": 497.2059020996094, "dT_max": 0.0, "dTh": 0.0}