{"energy_cost": 0.0, "energy": 0.0, "dT_max": 2.1321353912353516, "dTh": 16.162504196166992}