{"energy_cost": 6.320357799530029, "energy": 88.54991912841797, "dT_max": 0.0, "dTh": 0.0}