{"energy_cost": 32.522857666015625, "energy": 560.1060180664062, "dT_max": 0.0, "dTh": 0.0}