{"energy_cost": 32.522857666015625, "energy": 560.1060180664062, "dT_max": 0.6345291137695312, "dTh": 2.662877082824707}