{"energy_cost": 5.701452255249023, "energy": 114.91342163085938, "dT_max": 0.0, "dTh": 0.0}