{"energy_cost": 26.502784729003906, "energy": 313.517333984375, "dT_max": 1.6769123077392578, "dTh": 10.700969696044922}