{"energy_cost": 38.923622131347656, "energy": 424.6971130371094, "dT_max": 1.6609382629394531, "dTh": 10.919527053833008}