{"energy_cost": 31.149980545043945, "energy": 651.2584838867188, "dT_max": 0.0, "dTh": 0.0}