{"energy_cost": 31.491161346435547, "energy": 383.53009033203125, "dT_max": 0.0, "dTh": 0.0}