{"energy_cost": 32.522857666015625, "energy": 560.1060180664062, "dT_max": 0.2981586456298828, "dTh": 1.0672211647033691}