{"energy_cost": 6.320329189300537, "energy": 88.549560546875, "dT_max": 0.0, "dTh": 0.0}