{"energy_cost": 39.20090103149414, "energy": 426.9845275878906, "dT_max": 0.6415538787841797, "dTh": 2.831307888031006}