{"energy_cost": 39.20090103149414, "energy": 426.9845275878906, "dT_max": 0.0, "dTh": 0.0}