{"energy_cost": 30.092552185058594, "energy": 704.5729370117188, "dT_max": 0.0, "dTh": 0.0}