{"energy_cost": 37.28120803833008, "energy": 491.1600646972656, "dT_max": 0.0, "dTh": 0.0}