{"Cai": 8781.9443359375, "Cwe": 465963.40625, "Cwi": 1337683.25, "Re": 1.4191876649856567, "Rg": 11.039937973022461, "Ri": 0.44261234998703003, "Rw": 1.0000914335250854}