{"Cai": 29865.2421875, "Cwe": 126230.1953125, "Cwi": 1151356.375, "Re": 2.7734296321868896, "Rg": 5.00040864944458, "Ri": 0.07909846305847168, "Rw": 1.0040981769561768}