{"Cai": 8795.134765625, "Cwe": 484738.71875, "Cwi": 1326359.5, "Re": 1.2530547380447388, "Rg": 10.990405082702637, "Ri": 0.4441644549369812, "Rw": 1.00360906124115}