{"Cai": 8790.7451171875, "Cwe": 485464.3125, "Cwi": 1323050.5, "Re": 1.2574492692947388, "Rg": 10.962946891784668, "Ri": 0.44394218921661377, "Rw": 0.9991101622581482}