{"energy_cost": 31.711687088012695, "energy": 715.0541381835938, "dT_max": 1.3040218353271484, "dTh": 8.765472412109375}