{"energy_cost": 34.912620544433594, "energy": 577.1439819335938, "dT_max": 1.6588726043701172, "dTh": 8.598397254943848}