{"energy_cost": 36.403507232666016, "energy": 719.6868286132812, "dT_max": 0.0, "dTh": 0.0}