{"energy_cost": 43.63198471069336, "energy": 581.009521484375, "dT_max": 0.0, "dTh": 0.0}